suffix	time	taxid	refseq	description	rclass	aclass	ID	Hdepth%	%>2	nregions	Rsize	Pval	ngaps	Gdist	Gsize
child_0-0	23	11047	NC_002532.2	Equine arteritis virus strain=Bucyrus	True	True	total	79.8874370277078	99.87405541561712	1	1.0	3.029856599928581e-83	1	0.0	1.0
child_0-0	23	11047	NC_002532.2	Equine arteritis virus strain=Bucyrus	True	True	NC_002532.2	79.8874370277078	99.87405541561712	1	1.0	3.029856599928581e-83	1	0.0	1.0
child_0-0	23	493803	NC_010277.2	Merkel cell polyomavirus	True	True	total	0.1444217560794505	2.69166511973269	3	39.0	0.0	4	145.0	39.0
child_0-0	23	493803	NC_010277.2	Merkel cell polyomavirus	True	True	NC_010277.2	0.1444217560794505	2.69166511973269	3	39.0	0.0	4	145.0	39.0
child_0-0	23	11834	NC_009889.1	RD114 retrovirus	True	True	total	0.0340233166785629	0.46395431834404	1	39.0	1	2	39.0	39.0
child_0-0	23	11834	NC_009889.1	RD114 retrovirus	True	True	NC_009889.1	0.0340233166785629	0.46395431834404	1	39.0	1	2	39.0	39.0
child_0-0	23	277944	NC_005831.2	Human coronavirus NL63 strain=Amsterdam I	True	True	total	6.580699016441041	94.46158313069355	31	8.0	3.029856599928581e-83	35	26027.0	8.0
child_0-0	23	277944	NC_005831.2	Human coronavirus NL63 strain=Amsterdam I	True	True	NC_005831.2	6.580699016441041	94.46158313069355	31	8.0	3.029856599928581e-83	35	26027.0	8.0
